{
  "roc_auc": 0.7365721205072479,
  "pr_auc": 0.746034578049325,
  "ece_10": 0.14530798634782363,
  "p@1%": 1.0,
  "r@1%": 0.019193857965451054,
  "p@5%": 0.9326923076923077,
  "r@5%": 0.09309021113243762,
  "p@100": 0.93,
  "r@100": 0.0892514395393474
}