{
  "best_val_auc": 0.7362408746363196,
  "test_metrics": {
    "roc_auc": 0.7428933958774611,
    "pr_auc": 0.7458798939093865,
    "ece_10": 0.17816561384130092,
    "p@1%": 1.0,
    "r@1%": 0.019193857965451054,
    "p@5%": 0.9326923076923077,
    "r@5%": 0.09309021113243762,
    "p@100": 0.93,
    "r@100": 0.0892514395393474
  }
}