{
  "roc_auc": 0.7266467060358518,
  "pr_auc": 0.7419614216971624,
  "ece_10": 0.07621896339484785,
  "p@1%": 1.0,
  "r@1%": 0.019193857965451054,
  "p@5%": 0.9519230769230769,
  "r@5%": 0.09500959692898273,
  "p@100": 0.95,
  "r@100": 0.09117082533589252
}