{
  "best_val_auc": 0.7274426162534988,
  "test_metrics": {
    "roc_auc": 0.7338973100995027,
    "pr_auc": 0.7419047734558418,
    "ece_10": 0.10752050100024013,
    "p@1%": 1.0,
    "r@1%": 0.019193857965451054,
    "p@5%": 0.9230769230769231,
    "r@5%": 0.09213051823416507,
    "p@100": 0.92,
    "r@100": 0.08829174664107485
  }
}