name,id,score
TCFL5,MA0632.3,0.8531177212271356
ZBTB33,MA0527.2,0.8154180463434905
ZBTB14,MA1650.2,0.762619969628836
