name,id,score
ZNF610,MA1713.2,0.9729408192575519
ZNF93,MA1721.2,0.8633629626728022
ZBED4,MA2328.1,0.8480386085307899
