name,id,score
VEZF1,MA1578.2,0.7285759547728393
GLIS1,MA0735.2,0.7246977279464737
GLIS3,MA0737.1,0.7205642628534378
