{
  "roc_auc": 0.8903650327357037,
  "pr_auc": 0.9207085832128974,
  "ece_10": 0.13173879784572975,
  "p@1%": 0.9629629629629629,
  "r@1%": 0.017639077340569877,
  "p@5%": 0.9925925925925926,
  "r@5%": 0.09090909090909091,
  "p@100": 0.99,
  "r@100": 0.06716417910447761
}