{
  "roc_auc": 0.7696276980436252,
  "pr_auc": 0.7714641730353076,
  "ece_10": 0.11611454231101334,
  "p@1%": 1.0,
  "r@1%": 0.019193857965451054,
  "p@5%": 0.9519230769230769,
  "r@5%": 0.09500959692898273,
  "p@100": 0.95,
  "r@100": 0.09117082533589252
}