{
  "roc_auc": 0.7560015310920257,
  "pr_auc": 0.762563985487256,
  "ece_10": 0.13112009856839696,
  "p@1%": 0.95,
  "r@1%": 0.018234165067178502,
  "p@5%": 0.9519230769230769,
  "r@5%": 0.09500959692898273,
  "p@100": 0.95,
  "r@100": 0.09117082533589252
}