{
  "roc_auc": 0.7469281546108506,
  "pr_auc": 0.749500704739421,
  "ece_10": 0.1406940639582393,
  "p@1%": 1.0,
  "r@1%": 0.019193857965451054,
  "p@5%": 0.9230769230769231,
  "r@5%": 0.09213051823416507,
  "p@100": 0.94,
  "r@100": 0.09021113243761997
}