{
  "roc_auc": 0.7374646441039155,
  "pr_auc": 0.7461005406916945,
  "ece_10": 0.1229534493381312,
  "p@1%": 1.0,
  "r@1%": 0.019193857965451054,
  "p@5%": 0.9423076923076923,
  "r@5%": 0.09404990403071017,
  "p@100": 0.94,
  "r@100": 0.09021113243761997
}