{
  "roc_auc": 0.8527354401865342,
  "pr_auc": 0.8952419856187183,
  "ece_10": 0.1521367713719743,
  "p@1%": 1.0,
  "r@1%": 0.018317503392130258,
  "p@5%": 0.9925925925925926,
  "r@5%": 0.09090909090909091,
  "p@100": 0.99,
  "r@100": 0.06716417910447761
}