{
  "best_val_auc": 0.860321077753334,
  "test_metrics": {
    "roc_auc": 0.8604434798645783,
    "pr_auc": 0.903885362954632,
    "ece_10": 0.16858822070159246,
    "p@1%": 1.0,
    "r@1%": 0.018317503392130258,
    "p@5%": 0.9925925925925926,
    "r@5%": 0.09090909090909091,
    "p@100": 1.0,
    "r@100": 0.06784260515603799
  }
}