{
  "roc_auc": 0.8750115266562158,
  "pr_auc": 0.9122322874007983,
  "ece_10": 0.14713448099259543,
  "p@1%": 1.0,
  "r@1%": 0.018317503392130258,
  "p@5%": 1.0,
  "r@5%": 0.09158751696065129,
  "p@100": 1.0,
  "r@100": 0.06784260515603799
}