{
  "best_val_auc": 0.8761866967018395,
  "test_metrics": {
    "roc_auc": 0.873635463459402,
    "pr_auc": 0.9143682385557275,
    "ece_10": 0.1606597363930226,
    "p@1%": 1.0,
    "r@1%": 0.018317503392130258,
    "p@5%": 1.0,
    "r@5%": 0.09158751696065129,
    "p@100": 1.0,
    "r@100": 0.06784260515603799
  }
}